"","x1","x2","c1","c2","y1","y2","group1","group2"
"1",1.53391339253513,1.36971215879188,0.542490214532997,3.89244345124217,23.5005426129189,10.4269278010497,0,"A"
"2",1.68063854839716,1.51637454993918,-1.2415868340657,3.33772676843616,17.0179548978003,0.573346716746409,1,"C"
"3",1.22394130773124,-0.238104407347796,0.140589065472275,0.891195949001323,-3.67827168936398,4.23031895523512,0,"B"
"4",1.76527605274049,0.952404900428011,4.03979434299469,1.85674540330297,21.6686839239002,14.8865252333629,1,"B"
"5",1.90713434712958,0.628281585136755,3.10025184924827,5.58405741764772,32.7131061133845,20.5251919545908,0,"A"
"6",1.71069548936152,1.18984673548626,0.464882392960119,4.02394825237797,20.4221711421155,4.34712359822685,1,"C"
"7",1.69002857326579,0.540192437798822,-0.156972297851147,0.954775997198556,-0.244454281227271,3.95461497955788,0,"A"
"8",2.58405239849531,2.18217835026083,5.17940460352028,3.74230004006054,47.9958326029509,17.3531509170823,1,"C"
"9",3.03701749905113,-0.00477850171095184,4.70940117260557,2.4578714547592,19.9848674586699,14.1638082475462,0,"C"
"10",2.94162700639372,0.742448899442234,0.133110822609629,0.681671863037097,11.8928415316964,-4.59371088457456,1,"B"
"11",3.87317404009697,2.52160167991774,1.96666371386208,2.09237714829768,19.0431552850219,4.36014733470599,0,"B"
"12",2.35390710582499,0.271380350817278,2.45198155136424,1.11188595948494,14.7798490148775,13.6495813838706,1,"C"
"13",3.22399542495333,0.949300587639871,2.7322887275782,3.36138819806135,21.0327670215479,10.6594029166602,0,"B"
"14",3.06926033176978,1.08297055896279,2.52689299575007,1.85095508887765,24.8271411739594,8.88425242338314,1,"B"
"15",3.96640841416119,1.91759695022929,3.20685186004695,-2.22701313204965,6.31180412256954,8.2002746828304,0,"A"
"16",3.15365872978593,2.27968385868118,2.9986770500666,4.84891389686798,57.557581869432,27.0319685728282,1,"A"
"17",0.948535642178887,-1.57552333555491,1.3439542335392,0.711156193083337,-2.41479521413472,-6.0171519984009,0,"C"
"18",3.87699384954405,2.90764504166169,4.17409108468645,1.36176047595325,35.2450932636566,20.8406522658502,1,"A"
"19",1.60134178711307,-0.926949658866498,1.91134672020215,0.591221325073357,-1.48899870070494,-2.36662193381076,0,"C"
"20",0.997328342438935,0.808083033374338,2.89951110356307,3.31585001784667,16.6840050496895,15.8829567208497,1,"B"
"21",3.39583933449139,1.27798993605891,2.49943745958337,4.74866818806734,30.4138926186555,23.9773236102184,0,"A"
"22",2.12355867872865,1.38575939438207,1.94879656005305,0.108646751601849,12.3067046292577,9.34540831665408,1,"A"
"23",2.96547494456049,1.39013504816777,5.26710027165904,4.31646059635898,40.1039094802155,28.8871656742099,0,"A"
"24",3.75664779363261,3.24850306577586,4.67826906429815,4.24901682327566,65.8073197026831,16.8780775523217,1,"C"
"25",2.22138693578754,0.779727979961508,1.42888087994258,-3.66889521892431,-12.5437871840385,3.04498039760456,0,"A"
"26",2.50869947150197,1.51035967702953,1.03196112353726,6.10956151643138,39.3499369978806,14.6715368667207,1,"B"
"27",1.12157680025732,-0.0832316458546501,-0.0782202249868309,1.77526375759389,-6.48387987155716,-3.34946169968207,0,"C"
"28",3.44364791075256,1.41322967170847,5.26250044510118,2.31694527528246,47.2235808355562,20.177595447689,1,"A"
"29",-1.02227068122169,-1.1169201590783,2.55792895965824,1.82915319313252,-1.86434973945009,8.84572558764311,0,"B"
"30",2.05670238077359,0.833168708444775,4.60365434290513,3.46688159804957,36.7307633322246,23.0738744983607,1,"A"
"31",2.96343478132845,3.40112173556891,2.20427043430724,3.74758784336224,37.0612675363215,15.2374526677119,0,"B"
"32",1.38241211984452,1.04692348767807,1.90487533517078,2.19849764229434,23.5164743793832,11.6732765015052,1,"A"
"33",4.70259362847554,1.90263189050183,3.04657086187497,4.08298928631226,41.8260524925276,12.6855454405332,0,"B"
"34",4.00326614570753,1.87634677923831,5.28683360316383,0.858390676804016,30.4294991738014,22.2956109468463,1,"B"
"35",2.6141152207728,2.44104141563339,1.06763198507937,1.48802408406667,7.63360621821322,-2.61026225384417,0,"C"
"36",1.90225203332233,1.42159732991687,4.30238417884693,2.33087259491966,30.0948746893571,19.8854491711628,1,"B"
"37",1.34050178297542,0.766094085383502,4.20656035547328,1.22280940284654,13.1965735164195,18.4589069383415,0,"B"
"38",1.95974682584105,0.412146241333893,4.07312923701842,6.8423156201356,36.3377712967818,15.9836707781441,1,"C"
"39",3.44485153818207,0.1739901410451,1.85426927149376,3.44419679028032,16.9769064608406,1.83472795352632,0,"C"
"40",2.734720089546,1.51902970580098,1.82235444286289,-3.36412805528852,-8.81449286805463,-12.8890650880325,1,"C"
"41",1.25785664126127,-1.40737231244926,2.78878916477846,-0.450691836084937,0.689188562861538,1.13032095399871,0,"B"
"42",2.05893748806781,3.24788286742392,4.55733213188772,-0.327999395090897,11.9470431706549,7.96419927041147,1,"C"
"43",1.3345923330968,-0.86391534553445,2.32023804708467,1.4203295972162,-8.09961945573062,4.23191871056429,0,"C"
"44",0.663411415237578,0.226382526842753,2.30288996647282,1.39375424104564,11.211831406046,6.61721603498528,1,"C"
"45",2.90407070833283,2.59093412722206,1.46737449423091,3.01435440087567,25.2667875828873,17.7447947286866,0,"B"
"46",4.04651140929029,1.24734505692094,4.69731707437874,3.51627296157412,44.591393304506,10.6453861591082,1,"C"
"47",3.15571768447671,1.7159971622693,2.14754943799346,2.00008464773522,10.1072595775099,6.68786375985335,0,"C"
"48",2.28493698657128,0.776498837181313,5.67153011208651,3.98902332541628,32.667303479604,16.0874418401515,1,"C"
"49",4.15194036800627,4.08586016195798,1.26363473027641,3.94677451515945,41.4297053986807,7.61233169818869,0,"B"
"50",1.95557227668939,1.80680418714771,3.5414580461077,4.34694939860509,40.8220158279783,20.125734181591,1,"C"
"51",2.27750053350017,0.625755792048509,-0.969040825437874,5.24689777251782,14.5804927015303,4.73321016455046,0,"B"
"52",1.28100022977797,1.17753929202951,-0.623127773366762,5.24599306877812,16.8291189539854,10.029453279885,1,"C"
"53",2.00625349839386,2.26309956592016,2.65666108893293,2.49782860638495,32.0406712936604,14.4583257948467,0,"A"
"54",2.53379294247304,0.315077544194412,1.15142895532417,3.53224802266005,27.3274229995864,2.2544174790213,1,"C"
"55",-1.18461966844781,-1.21870843975786,2.06378112584695,0.0928398916403022,4.47429869629548,6.13224990798151,0,"A"
"56",2.7407545772266,2.04774154859354,6.18188732997028,6.11913610981646,67.3871559451868,29.726030877389,1,"B"
"57",3.10557518427658,2.51161456977535,1.34394678269232,2.14264939979602,17.8214484258659,3.76758406581309,0,"C"
"58",3.24999118400992,0.121718325837214,3.99281031632636,0.18149215514065,19.382829236366,-0.898017129622867,1,"C"
"59",1.9625808507495,0.471981368301565,0.863725184057142,0.32058867773284,2.52397397643881,6.67540805743168,0,"A"
"60",1.30679329471421,-0.463681593117243,1.53062193401022,2.11134655894656,-0.288999753851087,10.6871418189285,1,"B"
"61",2.59996349064868,0.78721393560465,0.103775773199643,2.45890259658112,0.345729844631728,-0.849314238281894,0,"C"
"62",5.57645225695284,2.77089494210681,3.31876833308548,3.35247125695608,56.1374910985836,14.2088105628167,1,"B"
"63",2.59606479061518,0.864557553593621,-0.349168655431077,4.25682729161988,11.7488746342076,-3.69237031041778,0,"C"
"64",2.74355129845288,1.45853876225898,4.96741967518896,4.212880732918,37.5754267746278,14.3787694188914,1,"C"
"65",3.36975394010901,0.44083416787329,4.05981361248921,0.0831089046817461,16.3662451456903,-4.53887900160228,0,"C"
"66",2.91180669860007,2.18378106312136,5.84361443578343,0.704256903124057,38.5130567083837,27.6171232104398,1,"A"
"67",1.02991583724548,1.79977371167975,0.394428208513564,2.19562934438018,15.210478375961,13.7338519113839,0,"A"
"68",1.94889497477896,0.447617982665909,3.01133710912379,-0.529607006318904,10.2938990841588,7.1771381090233,1,"B"
"69",3.83397679590515,2.91531944596636,1.60693815093285,0.215910500900439,8.61154972289411,-3.28809981448017,0,"C"
"70",1.24669752590425,0.425529397504907,4.60196068053181,2.38323974210292,19.6144904909536,11.619018214937,1,"A"
"71",3.27610525931375,2.6622224976667,5.30852044914651,-0.524841145883894,12.2378745536006,-1.50792546103621,0,"C"
"72",2.06082008500524,0.966208321926148,5.80737798321204,1.137995582148,25.3704993936686,19.1712799316888,1,"B"
"73",1.56840648420431,0.778281556491169,1.65317619512722,4.37757793713531,14.9192102390833,10.8896722983187,0,"C"
"74",2.0586066035038,0.319119305702236,2.92096865948809,4.57433341389617,28.8370786967848,18.044305429746,1,"B"
"75",2.69293916814712,3.05140177125899,3.77783001083532,-1.63223750454066,-1.29451132424521,10.3149940181823,0,"B"
"76",2.16871249704747,1.34823169543114,5.83476274274513,3.5988906380479,47.4001615477134,21.0784348015452,1,"A"
"77",2.77869330199194,1.83125167052852,2.19030164938172,4.19739358329951,32.2164655694916,23.6170089147653,0,"A"
"78",2.20475088550791,2.34618135803861,2.96719777829327,6.02400611820727,60.0596667918376,29.2089800295469,1,"A"
"79",2.93592496478434,2.8676598209239,2.11559853903521,4.13029434248799,46.5423365450916,10.7669113789664,0,"B"
"80",2.70507358977856,-0.316765305044177,-0.0751230222518933,1.98359102874651,16.7514450923011,-6.87422551105927,1,"B"
"81",1.72651978144085,1.11823147598625,3.57594428578569,-1.30516115891895,5.51665054281679,6.64583848968661,0,"C"
"82",2.50234875079017,-0.12435809581904,2.69122618762538,3.88019534719764,28.7456297778679,10.3620381320989,1,"B"
"83",2.07748590968902,-1.36533536315023,-0.214145468635465,1.91073361541662,-1.54159355211512,-5.6006008887666,0,"C"
"84",3.79572075573518,2.5736835422761,3.15099337770676,3.4214751482207,50.6695173049042,8.17759741158895,1,"C"
"85",2.68446193435024,1.65059682240092,1.42098897052977,3.62827966478296,23.4450914237213,15.6004017213678,0,"A"
"86",1.76085897457472,1.11340542429267,4.8347423450181,2.69259382916351,24.5668223927857,16.379261641319,1,"C"
"87",1.05648539943912,1.01590529397931,5.11334059535076,5.01873796491348,37.8668924421713,19.6943049991412,0,"A"
"88",1.48645183727428,-0.631246223309634,-0.0757891068955416,1.70619323013965,6.78937395624455,-2.33684343879099,1,"C"
"89",1.25675240514542,7.08502876313188e-05,-0.34651857057947,-0.526049738343034,-4.9529251719713,-4.16326839256625,0,"C"
"90",2.69279887238907,0.996379630012719,0.527600111724159,3.86212716742842,23.8781858145257,7.99589786449987,1,"B"
"91",3.87703619174841,1.34590640646451,1.39805221483854,2.17271015214976,12.5378102454553,0.359661617317854,0,"C"
"92",2.19453879734229,1.92306329194966,-1.14192822359828,2.61240445258961,16.3814965041202,2.18987575204371,1,"B"
"93",3.20661542919239,1.64234092497158,3.52643802267967,1.29503968391579,21.2976910849858,17.4931219463201,0,"A"
"94",2.3784331897494,2.33302200959514,5.10259228548401,2.26706329108393,39.4839157860212,20.6846763899923,1,"B"
"95",3.80777228292253,3.09885699360899,2.52775267807549,3.63142482243004,37.5338683078558,16.2527241999831,0,"A"
"96",2.4141896502503,0.660502262016029,2.27089307932928,4.77057220960641,22.6943920936203,12.2961755976637,1,"C"
"97",2.62874959989893,3.30346791975004,-1.53968011881452,3.82960780773163,31.6137496059653,5.91179241688438,0,"B"
"98",2.59904793160909,1.90570285898242,1.63226661756986,3.46690684945376,34.1243577734719,10.5288319875743,1,"C"
"99",1.76296424420807,0.374877343993215,0.491780401907781,6.45033773144329,15.9483427885096,24.2133944061282,0,"B"
"100",1.91424611908355,0.456458796821321,1.76189401716627,0.647861046756996,7.90830032707833,2.13110724005492,1,"B"
"101",2.80988488778945,2.90574573735142,1.76522860196125,2.72086163156582,28.3497474772393,4.79789369269401,0,"C"
"102",1.85428243676998,0.545913111131067,-3.11511700470943,6.45465885015709,22.3543783351554,-1.90227677607807,1,"B"
"103",2.54816691433773,0.461049063511839,4.03851394031268,3.99831287241555,25.3202210071111,14.7876889610489,0,"B"
"104",0.328910139789796,0.172548465306344,1.77446627110554,3.17611201649189,16.3519545292214,15.5426564569537,1,"B"
"105",3.1874366460689,1.23172281515574,0.779750875689732,1.56973669994695,7.13404536009426,1.70969045712748,0,"B"
"106",0.66871165428078,0.0723177169760678,3.87871640539887,3.70869572297516,14.5441968352091,11.2925591843567,1,"C"
"107",-0.490641870870351,-1.5264695787637,1.73366675619162,2.5427648289383,2.03975245335748,7.28574361989699,0,"C"
"108",0.895679172614275,0.222924162618824,-0.395558419738708,3.16146357962773,7.00182502647609,-1.02115364278832,1,"A"
"109",1.65734009068691,1.18296665998606,4.13841385351925,4.34544171451611,29.0346602055074,17.890942500664,0,"C"
"110",1.86891957786101,1.37907929432882,6.96723021761804,-0.0222513344410364,26.853452149295,17.1212905830707,1,"B"
"111",1.45509237942399,0.43149547414729,1.98720263902941,6.3727276918706,21.0689263355411,10.6423825769116,0,"C"
"112",3.65063446148752,1.6818511176926,0.847448220308906,2.18182646972561,20.4104423821816,-9.62955934690327,1,"C"
"113",4.59629484390061,2.53842833056502,3.86207958595578,4.51340621210318,52.4364667975185,20.712326249644,0,"B"
"114",1.3323488476578,-0.00481811213759398,0.638704240250755,7.31667554088533,20.9083068961851,7.21813758765087,1,"B"
"115",2.71061281647445,1.35931948772718,2.31384142921758,2.61005746553808,13.968858347971,6.05407210946338,0,"C"
"116",4.17869064395597,3.15332607686072,6.6276187029549,1.15265286232303,46.1667207088123,19.4892387776202,1,"C"
"117",1.62272475137633,-0.255991217828574,0.21772148614942,4.27893900183212,4.97601993661462,-1.11783844814306,0,"C"
"118",2.4856152121304,-0.187146457497049,3.5388407488465,1.64524321143057,18.1795449203163,11.7674224487649,1,"C"
"119",1.90085934064485,0.909182931652929,3.5210464365168,1.2693046613851,15.9371173929117,17.3876280440167,0,"B"
"120",2.76237632327736,1.56832601193959,7.02057112217369,4.73143872371231,53.5754593764732,30.1190855754182,1,"B"
"121",3.74612295589219,1.69714065532075,0.718224519006378,2.3904560843267,12.498052673131,-2.21304021702759,0,"C"
"122",2.93627793005447,2.58874330101484,3.19552757279396,2.77761794545841,39.4681654739792,11.7387973492319,1,"C"
"123",1.87016525047249,0.676422123202821,2.13393612308346,3.51911789966606,17.8310922100692,10.7381265667256,0,"C"
"124",1.94261621965866,1.34107263952445,1.22299661571118,2.95675491163756,22.6752074650144,4.00268382593253,1,"C"
"125",1.8618880605716,1.542079587507,0.29291909802744,2.66577965074891,11.8239207214737,3.82644526193369,0,"B"
"126",2.9785826686962,0.481452161474675,1.25055836889218,3.37862142562519,28.0258849856835,2.10106947472187,1,"B"
"127",3.12920634599063,1.64188267960085,1.79212887181228,1.6771392628054,18.6600928494688,12.1875344153883,0,"A"
"128",3.35738874622572,4.54625958014424,3.72122907219199,1.69036741150996,45.7417101617096,16.6650351335604,1,"B"
"129",2.90732119623033,1.90048265250524,6.15136720729653,8.05559906086734,67.782585080468,46.3406043218193,0,"B"
"130",3.85546183199348,0.819083224024408,-0.125891915462233,4.81185938067354,25.2068814861588,11.9100414162579,1,"A"
"131",0.115974000499349,0.676723334486714,3.75819255977063,4.68306803657279,22.141886109327,19.7333889512752,0,"C"
"132",2.84976897384865,3.01237641454661,4.29484605122076,-0.615193246344569,22.4241462745827,6.94134681203153,1,"C"
"133",2.98293030291431,0.788747383688123,-1.49024583916698,2.13228173703736,-2.56056243650291,-13.6688615731725,0,"C"
"134",2.86852194409128,1.64166621484004,1.10811630725231,4.30293981185919,29.2517352427316,9.57198983897277,1,"C"
"135",2.34717450936098,1.32368615218625,-1.31356414487754,0.662586583049271,-8.20499082385486,-6.22312275610521,0,"B"
"136",2.45320877381367,1.81591428275613,2.36286124732599,2.68918624310135,22.6934061201471,20.5167941938364,1,"A"
"137",2.44006788969709,1.65483264525761,1.43041340728603,2.82793030831017,20.8547118790797,15.764814197912,0,"A"
"138",0.833612342441269,-0.160340796710527,2.8342263067794,-1.39734485742585,6.31905721133596,3.9846386313502,1,"C"
"139",0.63206071163034,0.879446299712365,1.72566156169581,-0.516003272290454,0.808992465468567,2.78270468172,0,"A"
"140",3.72574996950493,2.31137414091241,2.17301751876592,5.22197385346423,47.4925195566905,17.0268302497911,1,"B"
"141",2.40104003858611,0.101040334565393,7.99434406744349,1.70829902076594,30.9659155885615,32.6359919687363,0,"A"
"142",1.47839232709852,0.224343577687617,0.538376866378799,3.49328347165153,7.36589196356388,7.80146688439093,1,"C"
"143",0.869727578694577,0.559235615643488,3.51742026172759,1.08250229785174,12.6015029814408,16.7230833900364,0,"B"
"144",2.00819843834788,-0.0294199025647714,-0.379776875505817,3.89802100803695,16.4615784131498,4.88888231081608,1,"A"
"145",3.98138221894332,2.25375147302226,3.82513303238926,3.11387932041281,38.9256856691924,19.9448596171245,0,"B"
"146",3.11604281849412,2.27622168769221,2.94783610145289,2.43738260753513,39.6471030049465,6.60160693334197,1,"C"
"147",2.60546565552088,2.93922597858855,5.44869465783403,0.675386563041151,23.0900314506969,17.1499705056286,0,"B"
"148",1.30183227446551,2.18862797912986,0.73501784416914,1.9236531244821,23.2072316833889,6.42335177106682,1,"C"
"149",3.6029479481961,3.14967399394783,3.77984574276078,3.62134916941477,40.0128727642033,12.8485173275453,0,"C"
"150",1.87308646395102,1.26612871126991,1.40274350110862,-1.10258567404101,6.74050890164303,5.84238078090199,1,"A"
"151",2.20355290483291,-1.50757048500591,2.23615828012141,0.862831024979004,-1.59828230461104,3.03996748996541,0,"C"
"152",3.00661384016373,1.00946001154876,1.40857659430204,3.93137138391229,34.7413557792437,17.4669490504456,1,"A"
"153",2.0773275212337,-0.0118489457623361,4.35275031991069,1.36000025690564,14.9358239369075,6.91803571652382,0,"A"
"154",3.37815763076689,3.24193131500547,2.13843665482707,-0.628832571471548,16.6204956424585,15.7658437791006,1,"A"
"155",2.32458094041894,2.09106985892195,0.56662342420924,2.328525563657,9.68068576309314,3.49586572221312,0,"B"
"156",3.8490268697698,1.20749911852715,3.84115843920672,3.28364772660224,40.4381160447677,18.4719098072284,1,"B"
"157",2.25342975500579,1.2899608639547,1.0965497815972,4.8294142670249,26.6684935976424,21.3218108184765,0,"A"
"158",3.07933191229089,1.96122212446546,3.25165228109907,3.69721430740499,44.4770973802397,21.4322162572289,1,"A"
"159",2.14418993842559,1.28951079739619,0.268919599906806,1.60990267843476,9.46268820608156,-0.235128312807641,0,"B"
"160",0.991462692926264,1.02395531472321,3.59581971212038,1.9285932603999,13.7413871216959,13.3091427930946,1,"B"
"161",3.3643718903902,0.0139551457012723,1.51065481896494,4.14996572286499,14.1866749839326,4.42663216377062,0,"B"
"162",3.26528593288996,1.38452769371383,-2.7255353040993,3.00280182665574,15.3954527457167,-12.0289411980725,1,"C"
"163",3.9134184032876,1.89463799040836,3.56508148622999,2.80727932009096,36.4906531308802,19.3396228299832,0,"B"
"164",3.87093539543678,2.09805958980068,1.46446739800404,1.19179582050551,20.0319332424899,-3.24546074513576,1,"C"
"165",1.96856604633162,1.15773705972046,1.15177105883908,1.73366667700896,10.0270974869494,11.6379019634787,0,"A"
"166",2.5880701352179,1.27009469111869,2.8301546460859,2.88602820172989,26.2018423066406,24.2368779564904,1,"B"
"167",1.94477669886165,3.14286535954312,5.22593323459308,2.18616642031054,39.7068352940207,19.4384795487353,0,"B"
"168",2.96938333042622,1.28670803220902,1.66659007120657,5.10493345092672,35.5191948282261,8.29658860315707,1,"C"
"169",2.91339212848586,1.50330047960661,0.937602498491563,2.16414713358331,13.1227831856521,1.14867450474997,0,"B"
"170",0.704940454054757,0.579101188762426,1.32255012313184,1.6467648666655,13.329900500786,5.64853495583311,1,"A"
"171",1.7447428674305,0.140527296513724,3.61618305719253,0.211422071854074,5.40140551022172,2.32196766638867,0,"C"
"172",3.45637962328004,2.79208040978376,3.26809277766689,2.97646045772959,51.6139645714093,23.5630901707706,1,"A"
"173",3.11308480991431,2.63810313040204,3.86251532421379,5.55490849732712,62.1900310035506,17.1148656242377,0,"C"
"174",3.21218262673667,0.465963691645141,0.603314070041851,3.26262939212329,25.7331729802716,3.51141643344321,1,"B"
"175",1.5242538058584,2.0045852348025,5.79117182511711,4.51709431757484,47.2828148750286,13.8174216550618,0,"C"
"176",1.60389818459896,1.15988698963485,2.78554224443324,2.75881470640663,24.0932699163292,23.1320461128147,1,"B"
"177",3.48325736143287,1.09427893967209,-0.439502349287577,3.08422575349656,18.3423556166749,11.1655428863977,0,"A"
"178",1.72112065097399,0.759729345706117,-1.09995018207954,0.377430123170751,1.29418093514507,5.40265074383715,1,"A"
"179",2.04093242993148,0.233419728796916,-0.0536010753827418,4.21604146484179,13.8476867913377,9.95400102510855,0,"A"
"180",1.10826574250144,-0.573040030573781,1.38346719807379,1.61922833038772,8.88849079840505,3.73295093469292,1,"A"
"181",2.65640774287082,1.74928934699595,2.00438251500831,3.39714809167876,24.0097745442788,9.90222257670569,0,"B"
"182",4.27822926496202,3.71666741242716,3.90877564805866,3.68834203556058,65.3321605399863,25.9453955492579,1,"B"
"183",2.48280160589486,0.392832958657479,1.71135247450271,2.01105314338055,10.3308235778687,3.8930231471518,0,"B"
"184",2.57948398986921,1.15121264115683,1.05248366634445,1.25586581920901,14.254675374718,11.4070017070253,1,"A"
"185",1.25862266805802,1.23803517044646,-1.18349278810208,2.90257460620808,12.2390620076288,3.08554460385849,0,"A"
"186",1.28804999823289,2.07515170942189,2.87570412332898,2.56202645052631,28.5066421969254,17.8507728614277,1,"A"
"187",1.72858876834932,1.03806936559775,-0.209295411723517,4.15927218022112,15.2984594656769,10.7237739987432,0,"C"
"188",3.11952865723287,0.410548669837113,4.08200026994224,2.5878187241708,32.3678266826864,12.5602836620736,1,"B"
"189",2.16722684913644,0.530974895224189,4.58982314179087,3.63330454575334,24.0218390205423,24.6401506833361,0,"B"
"190",3.32183017858703,0.557372663818913,0.549322564094159,0.69668635920806,13.6826223095413,8.29774636923099,1,"B"
"191",2.49535536493328,0.523110740710364,-2.0606080269375,1.53931655288491,3.2637269818268,-12.0484565707659,0,"C"
"192",3.59027746951801,2.32151186983444,4.98672929528768,-1.24494928703091,20.0736517035727,20.4613794166688,1,"A"
"193",1.96669062180217,2.10521301489371,4.2815631894743,0.130456591745302,16.6829535323414,5.1115585457982,0,"C"
"194",4.03390356119645,1.09715787881948,3.12743690560382,1.45568618086455,32.7582234037351,12.0650816165163,1,"B"
"195",1.28917886057613,0.695556312445009,4.45177898304371,2.99288753160912,20.3229678972183,15.1183897903075,0,"B"
"196",2.29055944248187,0.474241129373637,1.36244342185634,2.15533857798747,13.4540129120474,6.2493891019769,1,"A"
"197",3.67469591252678,2.58332790765699,2.9788685317122,1.9305703620548,21.5678000964287,0.290497332408477,0,"C"
"198",2.60210064107175,0.68523955991318,-0.359459723621836,3.07778770890109,11.6307037971545,2.56055212711567,1,"B"
"199",2.3910103786485,0.685442336984946,2.71813512777769,-0.169402688852414,9.37652262013782,4.65746526408317,0,"A"
"200",2.11375986009911,0.525361352861639,1.74450105825966,0.602604291626083,16.818338666672,14.689185027718,1,"A"
"201",1.21919709290099,0.627921962078199,1.14342244380801,1.14791088746432,5.35821165155344,-2.75289649074232,0,"B"
"202",3.22731820248281,1.05296022102352,3.45230895583231,2.59780909277111,27.2095993086596,7.70765848169504,1,"C"
"203",3.64583263146528,1.90508979509488,-4.09347389199759,1.28584598395168,-2.94199614640289,-14.9825000509521,0,"B"
"204",0.765014061641053,-0.628374378123922,3.93825631924621,5.07055698966563,11.2688077867316,16.212698500139,1,"C"
"205",1.89581785643039,0.918242277653126,1.6840128137392,4.1161528193928,19.325878158052,9.70920412428092,0,"A"
"206",2.99191751088555,0.627452139820495,2.07202446691046,1.49916344841215,20.1886780849553,2.88527433792845,1,"C"
"207",1.71092813442421,2.2203456799077,0.657673264155148,-0.55965074077394,8.30983291548135,2.4278400221872,0,"A"
"208",1.97711307796377,-1.22729970765609,3.83967720612557,4.11309401061145,18.0133777738373,22.273782434488,1,"A"
"209",3.57765593212299,2.73156438637864,4.7440018291432,2.28958923755762,33.6334027611272,27.04841083624,0,"B"
"210",1.20778672314211,1.50095538973946,2.65575365118975,5.43665247381483,37.1441958034838,14.7924183748169,1,"A"
"211",3.11594581522161,0.346416884839539,4.3401934280584,0.382064243435751,16.5562902424411,16.2250259707397,0,"A"
"212",3.43143626381483,2.28090905735499,2.58531952765035,5.1910811927453,47.8826833855406,26.5351245297061,1,"A"
"213",2.70159608656164,2.55636099109515,2.93529387104376,2.71098196762169,35.6445596083218,16.8664526891252,0,"A"
"214",2.69394279355326,0.726422372031232,3.8629805951432,2.21863669539662,29.9219505335219,16.1594900289857,1,"A"
"215",3.20744182997903,0.536843882423192,1.23366478136321,-0.0925546450900572,2.93086223198897,-2.88739854836457,0,"C"
"216",4.32945904659039,3.57642485454875,1.55944998573623,3.8748718998385,52.3673987244075,26.9674644505325,1,"A"
"217",0.867892708439673,-0.649823780813936,0.984871544473735,4.88780089481114,8.92058968792633,10.5959716924459,0,"A"
"218",1.23365708893571,1.01743882809504,3.93068262641505,1.05862607128649,14.5664311503279,12.1877589804964,1,"C"
"219",3.44320405971443,2.25316645618431,1.25656210875324,3.23525163614929,24.6993798687005,12.0498502991283,0,"B"
"220",2.62548402249377,2.16546646729179,2.90722913287745,1.69442505951821,26.7120283759077,6.59844689399941,1,"B"
"221",2.44199674573287,1.16220983770116,3.12894889675059,-0.94565365665929,15.0583766513681,12.5055311578448,0,"B"
"222",3.02463818172818,3.03351214015788,2.2233598663724,5.14811864021497,57.3027158952501,13.1432435599252,1,"C"
"223",1.86471835463218,0.0206146779458418,2.75793552776246,2.49474370760851,0.123509345047529,7.42957692214232,0,"C"
"224",3.96801001214294,3.25589440216338,3.37419490587053,0.454084898683896,32.7865112779488,23.9480987032645,1,"A"
"225",4.0365589055221,0.828472656271068,4.12577727372254,5.19486110657979,34.0455604816615,33.1954513660951,0,"A"
"226",1.78323581960339,2.05137712438436,4.37739831907468,2.87162403781469,41.3119450069466,8.83710292886834,1,"C"
"227",3.87182403043371,0.874143313056284,4.13820749613048,2.93023931598511,29.1928814273576,17.9399761168501,0,"B"
"228",0.83297358813884,-0.181576818742582,3.75733706859686,5.17812611192474,18.9522783498186,20.6641804820768,1,"A"
"229",2.19075809666141,0.417160658326917,4.43614756247943,5.22676166368708,22.2174952782608,10.8019048209946,0,"C"
"230",2.3119444542191,-0.183635564126637,4.29059798892206,5.74796035364407,22.7419966979446,25.7740322748699,1,"A"
"231",2.22967294388324,2.56405934389467,2.13132819454586,3.54719409406082,37.1060599498936,19.9898298760257,0,"A"
"232",1.77355094073398,1.40448375137173,1.9694695291471,-0.352071649170145,8.01350083148013,11.6320220568024,1,"A"
"233",4.38284724313454,3.62270976117128,3.57471445086917,6.44025232150829,80.0859551005714,32.0131069624442,0,"B"
"234",1.78662145867709,1.02036673935612,1.22599225123368,4.07918693850041,27.1376862173292,13.1533464125291,1,"A"
"235",3.23370188884346,0.970002543585944,3.0244109601229,0.524387971106833,10.5727690138009,8.77303054234912,0,"B"
"236",2.84902014295468,1.45535285980376,2.07842799139587,0.238558180207586,16.0331470078992,8.31527488806214,1,"B"
"237",1.94713198012681,0.257850774530833,6.40765619803267,4.52038967637929,27.1037471815742,21.0740607914112,0,"C"
"238",1.76714293622834,2.27847005246773,4.89246067552541,4.38790153879899,50.6323562830479,20.6436003931981,1,"C"
"239",1.38791483761627,1.51287953655239,1.82728811970084,5.12017739506925,31.3515430354835,13.2735152743521,0,"B"
"240",3.3831856551114,1.3049570624837,0.377891957426071,2.03793228027691,23.0398868015444,5.62611562774607,1,"A"
"241",1.4800779777656,0.643847526313869,0.595511010060574,1.17679452787229,4.70236513292407,-1.61049203834022,0,"A"
"242",2.94707492953919,1.59655102658505,0.477961061044883,-1.99739598093144,-2.8910268457669,-8.19983244706114,1,"B"
"243",2.05863639539502,2.04054330150086,2.38681315039406,1.76423780200578,21.2234427724982,10.7830542037695,0,"B"
"244",1.74164566118011,0.116302582648193,4.41198851942027,1.46884235641227,18.3722734803848,15.6212861812592,1,"A"
"245",2.47450947054289,1.97851694027794,2.11269793509071,3.47025470075987,27.9472414736128,20.2548843462083,0,"A"
"246",3.82039999284052,4.04420738023371,5.06820869137006,-1.25061787800055,18.9798634541661,14.0794032842414,1,"B"
"247",3.26170007056903,2.34138535783661,5.27297709181763,-0.330100446794078,14.759674632923,19.909740348935,0,"A"
"248",2.73188295377425,1.41716739447017,-2.26294383534617,2.99829654635253,18.0453952740319,-0.747661490861765,1,"B"
"249",3.52500194302987,1.51864721568008,7.59770467587537,6.18005663800548,58.6820098575812,33.3099181604556,0,"C"
"250",1.6867424871962,0.536068302016094,2.08303396862498,0.220657606213988,11.7386405613219,12.831324585639,1,"A"
"251",4.21461155190099,2.25866675784322,2.60407818114397,2.96311502216866,34.8543406476475,14.882313546161,0,"B"
"252",4.40415778391573,1.95365106293726,4.82150962180744,1.10811801911903,31.3390751997379,13.1615496088391,1,"C"
"253",2.5893362850999,1.21351014815462,5.84524473658645,1.07818020996183,26.8776765335596,20.1283429467968,0,"C"
"254",2.36015525767806,1.06281811249218,1.77339713836075,6.38831177637426,38.643910158709,11.8753176993321,1,"C"
"255",2.18956410269417,1.84880869998073,1.38301862948344,4.42246883035215,29.6919471885942,17.7176570658812,0,"B"
"256",-0.458694344799724,-0.411516786557596,4.84147388834851,1.05736194126104,8.0781997207356,13.1471515585359,1,"B"
"257",2.3545630799259,-0.150921684297074,6.24013584951895,3.44944003788187,30.0257764359071,20.372087013238,0,"A"
"258",3.2302316477579,1.75433313745391,2.45849530308933,2.95668511195037,45.8317134967273,11.2572000705127,1,"B"
"259",4.50429650783292,1.38734184759278,3.02314745378762,2.24444696027106,20.817888678441,3.96551708781856,0,"C"
"260",2.56500049207354,1.4163225899797,5.07773305904397,3.71415089201223,33.0974227192842,25.2394536413786,1,"C"
"261",3.50918483092993,2.11670220104557,3.65309173679034,4.04522401604983,36.2591970138245,13.2073122692282,0,"C"
"262",2.9181926234599,2.03519996209965,-2.018677867329,5.48917062647166,29.8813640917165,-6.83962590027942,1,"C"
"263",3.92759446790688,0.674614519958119,3.18436638661971,5.13908705121016,35.7243712216993,24.1451848346367,0,"A"
"264",2.30976890592167,0.484013074156494,1.19125978458821,4.1228806690131,22.9227199888998,9.79616222670484,1,"B"
"265",1.67204730931072,-0.619882968557955,4.49530667411065,3.08024419637285,16.8724918685374,6.51481665197337,0,"B"
"266",2.1566360957071,1.07357975745712,-1.12101529413042,1.74696114050034,19.5198758342008,-3.99812660295995,1,"C"
"267",3.36992857709054,2.47650568113467,-0.281987592834586,1.00206961453509,5.6139640434874,-17.4093065061144,0,"C"
"268",3.25525500516106,2.20541034668008,2.28511195141759,3.45961685073012,36.2886961050101,12.0273006457599,1,"B"
"269",2.94057456181157,2.30268158362967,1.28903743091747,1.02502113545668,9.90371999047751,0.0993962121184233,0,"C"
"270",2.86698795736322,2.19595735377369,1.37815076668834,0.819622304447227,16.5196027801611,-2.89583880511509,1,"C"
"271",3.26439125308828,2.59839018865415,5.12484076959798,2.94739915598459,37.5326035532751,19.80618101693,0,"C"
"272",1.97612157468183,1.19005155120988,-1.56487906372601,2.97389248771193,18.9291075785655,3.37185786708158,1,"B"
"273",3.34850044937929,1.29603075676817,3.64278059827912,2.49138827196181,27.0278306543604,23.8396222074211,0,"A"
"274",2.37303772247129,1.45569091046617,1.88588113867051,2.52212837331033,29.2506800814303,3.14367088930318,1,"C"
"275",1.73260349597302,1.16459918922407,2.05391758987772,3.7929886003887,21.8870988919901,16.5625576807425,0,"A"
"276",1.88876862181395,0.989582091476178,4.43835592590607,-0.76581246510057,14.6996286848745,-0.819022974415045,1,"C"
"277",2.76525143331732,1.48106975748245,2.07965480749704,3.93998320316972,33.8876530610794,14.0334572241938,0,"A"
"278",2.01296600013775,1.66457039603408,4.15951745403016,3.54231799463908,44.3971386700877,24.0088396884855,1,"A"
"279",1.99229743454776,0.968894143298947,4.80642455802796,3.36266444437865,28.2782008552871,23.0531151916996,0,"B"
"280",4.30176178408789,2.09882756700296,2.98265874079412,3.2939065029337,46.026725178376,15.0488285176647,1,"B"
"281",0.412757745259857,-0.156617833006485,3.54909905580934,3.20559248396575,13.1421517732836,12.999143491031,0,"C"
"282",1.94871642890667,1.47073680691292,0.885467709252329,4.80100394220405,25.588036445188,13.0463227565049,1,"B"
"283",1.29521882666987,1.34517394436528,5.04671590255601,2.85484020420715,22.4985283337444,16.5372611416207,0,"C"
"284",2.18699063040243,2.21470457861387,-0.720817803153573,1.66932661279023,19.7161669259537,-6.0533957891408,1,"C"
"285",4.67104590334755,1.00442664281039,-0.73195662703935,0.137030837458604,-6.05758214677035,-22.1480843315324,0,"C"
"286",3.21055413055231,1.44620399208532,1.39069544964127,1.24380374318288,22.0661939516315,10.0973858135259,1,"A"
"287",2.81845463016069,0.901294374782181,0.501992570478598,0.899284190170413,2.82716727551209,9.36368698519232,0,"A"
"288",2.52231807131353,1.26107604296365,4.89089720604593,3.62906529717597,38.2329237612037,19.4156201011976,1,"B"
"289",1.8815245258027,0.28922193098881,3.25543906755383,4.21173080851073,15.881604690834,14.2341229987403,0,"C"
"290",1.5145059262088,1.76978223567834,0.323854871747252,0.389719358332011,17.3904196409934,5.93054747027232,1,"B"
"291",2.04648317722987,0.123488522444244,2.12408424375167,4.41691129448353,19.1606882338851,15.3670543102843,0,"A"
"292",2.78578666690778,2.34482598829202,2.18164088728154,2.4507665191448,35.220580503849,11.9689962157935,1,"C"
"293",4.10078588946532,2.90097031213957,2.01347000614712,0.837691496212698,17.1262825830188,5.26661064178017,0,"B"
"294",0.582252119950494,1.82273300526346,3.22486756524374,2.88050640392519,26.0750548322198,13.9126358065094,1,"C"
"295",2.15546491252551,1.00868983035587,3.71656868234882,-0.101528966783383,7.42640874550325,7.29282812266768,0,"C"
"296",3.17184005796952,1.83506691721459,0.785115850286396,5.41853730769271,43.1075459457002,10.6470575001072,1,"C"
"297",2.53795482981889,3.67037092946932,-0.228928580242731,2.27244232638924,17.7015138968977,0.979559755823922,0,"B"
"298",0.766770490208264,-0.11905283055745,-1.16537851171987,8.65371212401634,15.682738831601,17.0402827030083,1,"A"
"299",1.90734812626636,1.20274663508534,-0.881772624334171,1.22435366024392,7.56930990990354,0.619789324029281,0,"A"
"300",1.67420807926709,1.86999604038036,1.1248708480496,-0.023110739542969,7.74120355562329,-6.43300638426991,1,"C"
"301",2.13715188052643,-0.565568257465065,6.16396995819639,4.26523522401293,26.4115326423124,36.5037707407544,0,"A"
"302",1.14594257851882,0.884232888636461,0.711247323613792,4.35444262836185,18.4487130402099,6.22513655291783,1,"C"
"303",2.92835003513492,1.34267354926616,4.64318942909539,4.75638401657784,39.7002439268272,35.1580589237094,0,"A"
"304",2.82319381413047,2.00807152329229,4.93030676762096,4.77152809436244,53.0523655940027,16.304797706425,1,"C"
"305",2.61787671975786,3.04117926200459,3.64652105811961,2.80622678486426,29.3549934385143,22.2207718321013,0,"C"
"306",3.08091190941108,-0.0207559464451483,0.618788376885323,0.722479742359637,15.5366188223482,3.40098599951233,1,"A"
"307",2.99201446037805,1.4488441962488,1.89083062298151,-2.55442443362422,-6.93325098740308,-2.22261409337206,0,"C"
"308",1.14412523083766,-0.419203105195793,1.24436605035032,2.72555937323177,12.4875809950381,8.05055747784042,1,"C"
"309",2.08363697392439,3.07212242405597,-2.15951986755745,3.97620299030224,21.4175631155861,-3.36768821507112,0,"C"
"310",2.12350426660073,0.63593994124462,7.10898291302789,3.40466726349662,35.7359601061083,25.5134061644715,1,"C"
"311",0.849124089555124,0.565287633952157,4.17849082010188,4.81600016584492,19.7417985734399,20.625813797704,0,"A"
"312",3.33121949334517,3.26562015182818,4.12558958775435,3.98379963266812,48.1652973664284,16.355385419384,1,"C"
"313",2.89959829145653,0.46433701962981,3.4098364216254,2.14404828979818,11.9714945113889,24.0030606926934,0,"A"
"314",2.21159867754569,1.42596925272115,4.76051101310329,2.06537922497488,27.1629184358566,11.9301848707472,1,"C"
"315",0.891656837178819,-0.155068073365622,2.73167031378627,2.00142786354329,3.26246674625645,5.88977473573907,0,"B"
"316",1.84235337384296,0.607272306796692,3.24997823434074,6.02893229804547,25.8739483125437,21.8528603528792,1,"C"
"317",0.854864654813726,3.75272225868688,1.84801432297994,6.40161172348523,69.8229700130116,19.0133187661152,0,"A"
"318",2.29677261357532,0.79787971445705,3.22299598622444,3.55018408320117,26.1847644490838,10.2493716338335,1,"C"
"319",2.52837972028242,1.06691431861178,1.68679646814729,1.93650384041976,6.95157190719703,0.366592270625857,0,"C"
"320",2.33307533185902,2.2884207126197,6.18134705304989,4.08688971358425,61.3054957176065,25.4837619960177,1,"B"
"321",0.938578811972095,1.13974302797662,-0.157527160781493,5.00349331615979,17.8001792974198,5.60871026881474,0,"C"
"322",2.01671230533318,2.13557878670468,0.826065142689075,5.35792507101161,42.3693647133855,13.7307728884502,1,"B"
"323",3.06546168552806,1.33524452977885,0.5809462781858,2.41900675496989,19.0006912039353,1.67914307170651,0,"B"
"324",3.83286224167226,1.93355184892866,7.77931398159138,0.63018516882762,46.5509166135505,25.3415575300647,1,"B"
"325",-0.194433005319617,0.969000527371868,4.26631749970253,3.02905314731224,24.1447054743173,20.8216432912991,0,"A"
"326",3.43638907239511,0.738800576074711,0.0960764874793885,1.67527187180581,9.73135666230678,0.999652818784944,1,"B"
"327",4.66846313868724,2.58440825248792,4.20836309062767,5.21248680323366,57.9549539644724,24.5154261239551,0,"B"
"328",1.51538295226103,1.78703103412141,1.62073122552234,1.06097614886383,15.5234335069282,8.97356880838814,1,"C"
"329",3.34237864975883,1.58020174381495,4.08757441081721,4.25370804525185,42.4268277331405,10.3825171342113,0,"C"
"330",2.84376970408088,2.01445770822312,-0.569803877938526,6.51306480270046,46.0161625702621,26.7349723091886,1,"A"
"331",3.87966819107731,2.56653053657577,1.89373530399946,0.625636233885669,16.5223831627893,1.01270407549711,0,"C"
"332",3.09114077443294,1.56032378925367,2.82466578754214,4.13968882947728,41.6998351905786,13.6433267688589,1,"C"
"333",1.68771380511603,1.06383353877926,2.13681566673919,6.38074969347023,31.9256188615293,16.9935891130771,0,"C"
"334",3.36836478185112,1.4021536216293,1.84591312380957,4.05899847669592,38.6689488753259,20.7525795916786,1,"A"
"335",4.5010127494246,3.2091371081659,1.72826548553917,5.91486866477195,66.3762861442398,27.4770015008654,0,"A"
"336",3.21873977096538,1.46927932772962,3.22879026433659,3.08279631050996,38.1678858161275,17.8450668980466,1,"B"
"337",2.47865807815885,0.307753565198541,3.32248016011094,3.93622432792852,17.1730293353475,21.6481384718887,0,"A"
"338",1.86347382037309,-0.931938296368928,-0.360504563887553,5.64486700702639,7.38369896732389,13.2907228704955,1,"B"
"339",3.30846119389307,3.05345978003068,4.11737582279427,5.23165405582999,58.1949555186218,14.7661496193851,0,"C"
"340",1.33275024013026,-0.0835665693188634,5.028079715473,5.47962297873085,28.1719991040834,20.615285187141,1,"C"
"341",0.412032703622784,0.667230877300853,4.53163883512807,3.72138323907563,17.8156785371303,21.1042099099023,0,"C"
"342",2.96750875845857,0.278994010902065,3.38062308475036,3.98590463515276,21.4699163939817,14.0509679191454,1,"B"
"343",3.52434983122512,4.574060309223,1.02025493205861,2.78261844702028,32.248322827683,15.8138264290408,0,"A"
"344",2.40246977165549,1.29627251225668,3.90200779198568,1.84888691181681,23.5560112432001,9.13787279088523,1,"C"
"345",1.42518018474217,2.0294558021797,2.39551770094207,3.31860664831364,18.206441992711,20.7886478853631,0,"A"
"346",1.71833436124021,0.492622312530379,3.66911174645552,5.10231623008903,24.321533848891,23.5030793320807,1,"A"
"347",3.00591519802114,-0.0879619709083368,2.74884224119605,0.579327057851545,10.3001595285866,0.693774640711056,0,"C"
"348",0.623438573887025,-0.030794415537539,1.95797742130499,-0.197149074783126,-4.48077552533716,3.91131867911022,1,"C"
"349",2.57375873139068,0.50115098189522,1.81348716859157,-0.372613143138413,-1.60024164789795,0.712962779080952,0,"C"
"350",0.569692467969813,1.28886070564913,3.70160491091753,-0.599659702442132,4.72300137710695,-0.830526391244276,1,"B"
"351",1.62246720979004,2.46934756624171,2.86914838024078,3.43238524645662,30.8532953889979,17.0192913182354,0,"C"
"352",1.23748835277758,2.44547336601583,-1.94889448965344,-2.71103864610499,-22.9257760882208,-12.7275176352504,1,"A"
"353",3.01741086112469,1.34348134092091,1.63007134098573,1.87413252759974,10.3348884356328,-2.78847691107079,0,"C"
"354",3.33040586073388,2.41998092789636,3.24843346228951,1.98933598573175,33.8062057408993,6.76728853061455,1,"C"
"355",0.475003878259969,-1.60371236751444,3.79132000550343,1.79084143100792,0.586051214189981,5.11693731923405,0,"C"
"356",3.68558338685282,1.33179030720695,4.89618281768852,2.44263965821798,40.8382078986441,32.7296957216248,1,"A"
"357",1.75782527688699,1.47137963454302,3.50373318158582,-0.211938921813293,5.97650448385907,2.95380642799602,0,"C"
"358",2.81402515671624,1.64156005925911,2.16109449471551,0.646243300976491,20.4767479972593,0.953516735971976,1,"C"
"359",2.77065186425249,-0.36034701817822,0.996763021411182,2.52981277514307,1.49046400542667,-5.97297286727455,0,"C"
"360",1.9001429246385,2.4644204012014,2.21003712451892,1.14003122493931,21.8971566208915,8.32192391371346,1,"B"
"361",2.08129533148489,1.29341969466535,1.99901679468912,5.0251411102937,27.8730989685414,15.2940746837812,0,"C"
"362",3.54525559179115,1.94500610522255,2.53578482850463,5.85196083243518,49.8593677398673,12.8259284803074,1,"C"
"363",3.3871006096992,2.34997985259763,-0.311593270625557,1.76014857758472,13.5889494074751,-4.52901797638474,0,"C"
"364",2.0352757824817,3.04708736220631,0.953261561246362,-0.298676771068989,10.675964690037,13.1528902056231,1,"A"
"365",2.88290311648069,1.69995153578001,1.32380438077088,0.562247537818574,6.23096544164539,7.22052733100825,0,"A"
"366",4.09220786824642,3.6889223427189,0.79275735619091,9.00056528429749,91.2295801541618,24.3350633387329,1,"B"
"367",0.881229830265771,0.510378199091805,3.16858543486057,-1.46125446581908,11.3876787313457,-0.246174455417211,0,"C"
"368",2.88136661076875,3.62548661425878,2.63049104209309,7.60890925138652,94.1298031582334,33.1137106637479,1,"A"
"369",3.22994971217265,3.15873058976486,-0.266315926828325,2.79372724190542,23.6764897673659,5.87713595908097,0,"B"
"370",2.17214895430758,0.121920982678043,3.15550419344738,5.35612042730527,34.033858852406,22.2997843292054,1,"B"
"371",2.54072018995303,0.905064138043262,2.90492023096826,5.221880229604,34.4805954295249,27.3954734264996,0,"A"
"372",2.03774637644854,1.29800739553647,2.58362596829619,3.75828188070655,34.3785572902777,23.5222047708766,1,"A"
"373",1.88093544912115,3.0512950913773,3.01319489177368,3.30014412000367,40.6333746005458,18.9462419285807,0,"B"
"374",2.45059466034486,0.550085447755556,1.67629342725306,3.86379550347473,17.6237256193774,16.8622278761439,1,"A"
"375",2.6793390430831,-1.02798435339938,1.64758006273004,-1.32111994409994,2.80617526121911,-17.2181172839657,0,"C"
"376",2.48971387270774,2.50012234929491,-0.187458738005092,-3.7799687214319,-21.7030901034788,-9.62884610308207,1,"A"
"377",1.29262683953639,-0.403782449035207,3.00693508878117,4.3463850259678,12.8087323326101,21.0874636196618,0,"B"
"378",3.81148878297973,0.442546742170558,1.82153062056877,2.27075121756019,27.0743846348401,0.0257980957782178,1,"C"
"379",2.66483560092587,0.941144997684755,2.30948116852625,0.356645968172647,3.71157653918062,1.98515936440655,0,"B"
"380",2.96385202354556,1.47436184200234,1.88873788895827,5.37338004572123,43.518262074512,20.395416510355,1,"A"
"381",1.39101384122052,-0.653057162429069,0.584476621028057,1.00366290054687,3.77122957987845,-5.60966701381343,0,"A"
"382",2.21411858248263,0.105135255332624,3.05847483458174,3.03691672849788,24.7655885424665,21.119901446962,1,"B"
"383",1.25050330676116,0.924258110223285,1.86988668146539,5.82220004496965,28.3783949743726,16.8856049234381,0,"A"
"384",2.41073167729996,2.27457852189448,4.50841765992541,4.0567933618903,40.0676275440415,20.7910216706515,1,"B"
"385",4.16906334996098,3.80911445329899,5.15361120685805,5.09930019467282,66.7462764397042,28.3867953573763,0,"B"
"386",3.26406447018475,3.91471890581224,2.2097330271278,0.738908115709104,20.688123656125,6.45814505518807,1,"B"
"387",2.80740426905371,0.0179400403273147,1.2548380573694,2.26675302944542,14.4537437996217,13.174432280312,0,"A"
"388",3.96529609208039,0.766510247197389,2.70799386596203,2.951830187414,33.0567139284526,18.5496690076282,1,"A"
"389",1.88727859198951,2.79353049029592,3.42903869173738,5.38567613407804,52.3770642818107,18.9899902309594,0,"B"
"390",2.74032109264182,0.930347458456382,3.26808637768978,2.77324189367368,24.157994046201,13.4887086679601,1,"B"
"391",2.0253668787392,2.16029969572183,2.38427178986885,4.55763909129522,36.2387912287553,11.2637817971704,0,"C"
"392",3.79325276907981,2.97420891509039,5.33253581777144,2.03107180429159,47.8140312564574,11.5523725098786,1,"C"
"393",0.548365133627821,-0.336367539460478,3.76103805615193,4.66148223068058,8.23487502924275,17.0505036883491,0,"A"
"394",1.50137950410413,0.438476078130322,-0.436536486326536,6.46558982963243,23.9219287502823,8.81070063655429,1,"C"
"395",4.13973290731384,3.80109961136295,2.97842262015345,3.11238303937523,46.6644926861633,13.4039427751284,0,"B"
"396",2.53936863201576,-0.0930947614553734,1.48856780378615,2.45729615624643,14.6105833250173,9.9090239920943,1,"B"
"397",2.59835090907339,1.14723683805636,0.292945794802708,2.04983473200903,4.22647630206687,-4.35849586421828,0,"C"
"398",1.79825374124315,1.28030534139159,1.48336121272819,0.359705424616691,3.36095219035766,-0.0185354163590217,1,"C"
"399",2.8600083735503,2.75679116230208,-0.0293941813876035,2.18617391504294,14.2726216644345,0.265639464913419,0,"C"
"400",2.41025506426503,2.33874901449487,4.24390218839105,0.135356329003006,19.9231678012415,16.2953425406762,1,"B"
"401",3.53610767267063,0.826838310790794,2.70279350389298,1.58097372810718,17.71969322984,16.4983702311405,0,"A"
"402",3.26239829746105,3.06029518924474,4.05846016477564,3.4649219209285,48.4784908741972,29.8026753164137,1,"A"
"403",1.31096123594059,2.29559310700595,2.66418558285019,4.58826310790098,30.3996155172684,15.9135530201705,0,"C"
"404",1.08106669747577,1.70421173634349,2.2843821703709,3.35759729193916,26.3461018384293,16.5667249024072,1,"C"
"405",0.185616941837293,-0.370073387928338,-0.112618673991069,-0.96425146342088,-11.6155261928978,-4.42043667983725,0,"C"
"406",2.15964173843293,0.469877155742884,3.85281726336658,3.60257508726484,26.9036692276404,27.608351645593,1,"A"
"407",1.92433685709914,-1.45019310347859,2.5715545380856,3.54740657633181,-0.742714917845256,15.093971177564,0,"B"
"408",3.99839591259232,2.35207983878804,2.67701074697061,-0.242840477080633,11.9223482819051,-3.66517868449626,1,"C"
"409",2.37322347363493,1.68466422173008,4.20335461422297,6.57069955257646,58.3151854336312,30.5743071645085,0,"A"
"410",2.19065831915504,1.11095247466108,1.70329429763526,1.96625763638748,19.8266099841363,0.595995539439136,1,"B"
"411",2.96234590677905,0.0370711778310597,7.12762561937771,3.20531112038827,31.5027876547825,17.7074975857136,0,"C"
"412",0.988173154365972,0.49294699078789,3.53734299544828,1.71188449394819,10.1147117118126,5.958531841301,1,"C"
"413",2.18654496107996,1.7136592095613,0.816868373159786,3.84648084495575,23.2257416677449,10.3961471233174,0,"B"
"414",1.59325024989697,0.926253971633431,3.91220965756985,4.44535980894093,40.1800561738049,18.9359899678655,1,"B"
"415",4.15232393369548,2.2833222760747,6.50703194124593,3.02687996530323,40.5196189084967,17.5947998283214,0,"C"
"416",1.5576402796404,-0.879783300006661,6.01512066211288,3.08376044409186,23.2222824350126,25.0644555906195,1,"A"
"417",1.30907456482906,1.85901282903256,-1.33888693146688,0.736921334952512,-1.73034902110409,-1.2255678791367,0,"A"
"418",1.92685763162486,0.845783184594368,1.55241212534121,2.95161506409503,24.4237948583933,6.65817786379028,1,"B"
"419",2.98481202365195,3.50066107667654,3.09588160315137,1.70766438824374,24.5822001106221,-0.103368175422458,0,"C"
"420",0.224697653046747,-0.86028699811685,4.7356482421831,5.91823288458068,1.10134899172587,22.6595249026659,1,"B"
"421",2.15648203054525,-0.611163404178786,4.60755740241534,0.866881909965434,8.88665926510392,16.389693616775,0,"A"
"422",0.93088999836075,-0.10637403422757,3.33935487882462,1.31262431005815,19.4529629707657,7.65918686950962,1,"A"
"423",0.267918299798451,0.869619484776385,1.30954699268036,1.05235100174768,6.75546388108085,0.784648441762064,0,"A"
"424",0.689948385573151,-0.0117931659170079,5.70250079760939,-1.00020281156602,13.0142346671989,10.8105168264286,1,"C"
"425",2.13341539098656,-0.178126454271006,3.37357995401211,5.0600813436336,10.4516529908519,10.9261964691003,0,"C"
"426",3.17342737296699,1.20332962193579,-0.227249619803792,-0.949265740358397,5.68232414248853,-20.1154357429434,1,"C"
"427",3.87442798483711,0.169369003009741,3.89501377938172,4.98080280630954,24.3503969702755,12.302838420002,0,"C"
"428",4.12371286932249,1.8168790456239,3.40182057198282,1.0171733482736,31.7827175936702,14.0172612827146,1,"B"
"429",2.91716877290453,3.95776217158601,0.930572569756093,2.06031545873853,27.8442242795824,6.26288633541946,0,"B"
"430",3.24939168406083,2.0071622459183,2.75615021319084,1.33958616989686,25.8981659648526,16.0923785234361,1,"A"
"431",3.73771731648257,3.4517740267342,0.398027748048601,2.19024191966736,25.0539667128771,2.68334278741914,0,"B"
"432",3.20914746197,1.31171989413515,3.2556169496855,5.04015196427739,42.2577858225359,19.9356691516404,1,"B"
"433",2.6185011466591,-0.0912024391746757,3.6852791839986,3.09630520425867,13.3036843439277,10.5270300209479,0,"C"
"434",2.83089319291176,2.39345025166122,2.09999356483583,6.4674649293796,54.9748381874607,19.9743529335284,1,"B"
"435",1.03448377543768,0.896118839661425,2.17337915817647,3.97613385684577,14.3376588556843,3.63605270027091,0,"C"
"436",3.47760046089563,1.14116916877073,-0.49482464485744,3.67343658207584,16.7558117690911,-8.45032364935769,1,"C"
"437",4.55149816116808,3.11572246275385,4.72108074090162,3.17704818114576,53.1587128205802,18.2258584054085,0,"C"
"438",1.92883519919013,-1.13178952053168,0.257926347912032,0.858463432301467,7.96367133373708,-5.31830791446134,1,"B"
"439",1.64307693621333,-0.0543924265197048,4.77129475228228,-1.60281423462487,4.99168270247313,6.82228618660402,0,"B"
"440",2.62668300030084,0.459428767215578,2.464114455721,0.596360684540114,9.19475115859331,-4.74422722600368,1,"C"
"441",1.28775242667273,0.876289095175665,3.7770171568566,6.78674057812996,40.5029633956699,22.2917032657182,0,"C"
"442",2.81000792603829,0.653698521994973,3.31569950481468,4.28652959672239,34.8511772536334,12.2492227104125,1,"C"
"443",2.87326254554788,1.6527060371622,4.15944381553154,1.05417801279644,21.7209460289929,30.2313867683242,0,"A"
"444",3.79529693913179,1.03649047981792,0.473239830629554,4.20424438260367,22.7545910233831,1.61907230502518,1,"C"
"445",1.16941622087334,2.19352691590369,4.00384040533905,3.46355080489079,39.8699119480955,21.7594779749042,0,"B"
"446",2.19738075188277,1.12717343732209,5.76655877168747,0.969383290218842,24.1765843490069,21.226414452217,1,"B"
"447",3.25181359367564,2.58805476113989,5.26871821905935,6.41929567761267,62.4692209110998,27.1674661025272,0,"C"
"448",2.73071115678436,1.92452611200678,2.84943471795298,3.29692832089736,49.3394211706155,17.1687983372977,1,"B"
"449",4.20211615484954,2.51923233698616,1.80875751576318,1.13362525489173,20.0285231489137,10.6146389326473,0,"A"
"450",2.20785070925697,2.84118848327443,3.1723699878794,0.581569150484481,21.1284217990407,13.2847909725024,1,"B"
"451",3.36746948073028,2.70331750315102,2.31813077940788,6.35843560079058,57.9086129857734,22.2971603786642,0,"B"
"452",3.26928845194508,1.36351178380997,-0.247820176496107,-2.64493477004367,-0.560063170267287,-19.5950187581179,1,"C"
"453",3.36868459887846,-0.643876304429945,3.38129949247426,2.06925714918096,3.93256096125936,-0.0299135981366021,0,"C"
"454",2.9119040313749,2.10481291879016,7.48083006755999,4.48180291668707,65.6799363415707,36.5013330211452,1,"A"
"455",3.5799177198534,3.20773386208342,5.34640359792363,0.73641611634634,29.5144053957539,26.3903171382297,0,"B"
"456",3.0541358127275,1.76116700613344,4.03445465412774,2.35180922868523,32.1398215649358,14.9751039620288,1,"C"
"457",2.62214362523795,1.1853400577738,1.70677571880833,3.3518150891444,15.6909737732224,7.22046584337899,0,"B"
"458",1.55614730602622,-0.288079462197195,3.37705426170478,3.60660368457903,12.0388063687901,11.079785874023,1,"C"
"459",1.83191226624105,0.0764577110576156,1.61006550653997,0.551668804940797,7.37931031628266,-1.7842684105025,0,"B"
"460",4.60200843506373,0.992540018587831,2.84562701830067,1.47247375420687,32.878858236321,-1.00684676902855,1,"C"
"461",2.217263685973,1.26642942366425,1.03656610619575,2.37934391524645,14.8946578842018,4.16258356824658,0,"B"
"462",3.16181506820541,-0.502055285405595,4.01611856007887,1.98481129340389,22.6499496079451,20.6488720239245,1,"A"
"463",1.95485610433664,1.3107710687945,-3.40455519227707,1.1806092677673,-2.67283168467732,-4.3079420775276,0,"C"
"464",2.0387154798561,1.39966264625236,3.61525848003883,5.63172130933179,43.2183838796966,28.4652326144769,1,"A"
"465",2.27541877709057,0.128842632192332,6.44260945352773,3.09247137590688,30.2407720928838,23.3293496925687,0,"B"
"466",2.03454032137786,2.55770444733366,6.28105013517881,5.20280496429967,70.6862500227134,31.5079228370894,1,"B"
"467",2.47969100837543,1.56696828637096,6.14327331273657,3.06759880497182,36.2994856050627,24.9275849511498,0,"B"
"468",1.84342279233229,-0.515425150044762,1.45464261174745,2.70695077646168,17.7516218516151,0.463831239739746,1,"B"
"469",3.83320542404769,2.1776522507262,2.38383127402963,3.80444411591079,35.066392854894,2.04582664110206,0,"C"
"470",2.32140631291534,2.05140141842119,0.673491726534813,2.68013195633154,26.3453921585155,5.57975275543699,1,"B"
"471",4.85831345029578,2.6146702319927,0.964012537151078,3.80134026618799,35.9239654029065,1.24523245616324,0,"C"
"472",4.05448804363613,2.36701421218128,4.75026844933905,4.91696932428409,66.2198118970432,26.7289286346974,1,"B"
"473",2.86102133297485,0.63204906343618,3.06278457790613,2.00467213957233,14.8056242392391,-0.532862813125214,0,"C"
"474",2.37147382627955,1.23192776076054,2.73792941348968,-0.647585975675076,7.68287024498779,3.69266107834445,1,"C"
"475",3.82767802796895,3.14865596445009,-0.695940633816161,4.02191360161614,27.3626859543171,-6.82114074993268,0,"C"
"476",3.68058693298521,2.85778101388126,3.91376143962312,2.1090906150516,46.282323988652,24.5306816276298,1,"A"
"477",1.96479914801332,-0.0829852770348301,1.99890686025204,3.65291616070631,17.7660845563624,15.6805793150013,0,"A"
"478",2.27985268540052,0.624774820879193,1.56389777790171,0.542927501695764,20.898837819983,2.49962082143527,1,"B"
"479",2.74170419667263,1.51114850042299,-0.797321259841642,2.41177535327734,14.2382082110251,-9.40426880185912,0,"C"
"480",2.50453504219565,0.683120095029065,0.463503221555623,4.13715118442073,17.4918741223797,6.6655361472848,1,"C"
"481",2.39502762553916,1.47874063808592,2.89293036747878,1.7117742751055,15.6534784422608,14.8882862671041,0,"B"
"482",3.77109599889844,1.09247670404441,4.88782545785042,3.23261838140292,38.0263718976593,16.324691050059,1,"C"
"483",3.36485480868602,0.957686360280987,0.902948611391989,1.41206464201505,8.25484991838261,15.7173757884951,0,"A"
"484",2.91519476657771,0.788870900258418,4.49090587832635,2.25115720181759,34.1413684468976,16.4062501220769,1,"B"
"485",4.29276560126371,2.54449576523078,1.7434098524141,4.5383020381332,43.5597729310199,15.6829800261735,0,"B"
"486",2.9290170914989,2.90544724993015,-0.15788326822002,4.99435201433534,46.2416305777694,7.36677025148313,1,"A"
"487",2.10796248393386,0.484964362434863,1.02213272551279,5.37322197465337,15.0374435405618,9.85783137564152,0,"C"
"488",-0.0696539492284733,0.769855984202905,1.87388389122334,1.73855533073196,6.85403263697178,11.2951604952025,1,"A"
"489",2.62198374990789,-0.674541213925125,1.55433930832346,3.17340221089288,1.89447760557799,4.2181891724736,0,"C"
"490",1.48506831223458,1.37076858196944,6.07288573486882,-0.988436636471667,12.8845321897672,19.6512935789086,1,"A"
"491",2.05783383167462,1.71825073705246,4.31280814444783,2.28924874299311,30.7903073825704,16.5597533145859,0,"C"
"492",2.19484373061144,0.398191197094523,-2.16565673445304,3.47835910316958,12.1679732448786,-0.219846547547306,1,"B"
"493",1.50598649617438,1.52880365477945,0.0415076393917007,1.91959755290348,13.7498465499554,14.5618186661505,0,"A"
"494",2.17224534869239,0.607893414776837,4.44799240644405,2.29190936527984,25.7779378837562,22.2804885052667,1,"A"
"495",3.43121087988349,2.72887601938624,0.197795578980887,2.80806654653273,24.897530460327,-3.92121172848557,0,"C"
"496",1.07376076220367,-0.0204717360893176,3.08738135620659,4.5807331117664,25.7950503974221,16.8996026735105,1,"A"
"497",1.31096495191501,0.633444292070411,4.01924493000009,-0.0415306892698388,7.72341438444326,15.4188954381137,0,"A"
"498",2.30606146203734,2.86077091280232,4.83971944688843,7.1657139830343,83.8518912563351,38.536884063306,1,"A"
"499",1.17275655015865,0.317987125282316,4.09760596390637,1.20858909564575,7.27534782817172,14.7664713758045,0,"C"
"500",2.48874354252402,2.53282398115299,2.34772180451109,2.39080903989132,30.0653359962957,8.4058919554579,1,"A"
